item,used,date
https://en.wikipedia.org/wiki/Rapping,1,2022-05-25
https://en.wikipedia.org/wiki/Modinha,1,2022-05-25
https://en.wikipedia.org/wiki/Gaita_Zuliana,1,2022-05-26
https://en.wikipedia.org/wiki/Palm_wine_music,1,2022-05-26
https://en.wikipedia.org/wiki/Outsider_music,1,2022-05-27
https://en.wikipedia.org/wiki/Pelimanni_music,1,2022-05-27
https://en.wikipedia.org/wiki/Mapouka,1,2022-05-28
https://en.wikipedia.org/wiki/Mozambique_(music),1,2022-05-28
https://en.wikipedia.org/wiki/Maracatu,1,2022-05-29
https://en.wikipedia.org/wiki/Powada,1,2022-05-29
https://en.wikipedia.org/wiki/New_Taiwanese_Song,1,2022-05-30
https://en.wikipedia.org/w/index.php?title=Xylophonecore&action=edit&redlink=1,1,2022-05-30
https://en.wikipedia.org/wiki/Downtempo,1,2022-05-31
https://en.wikipedia.org/wiki/Gamelan_gender_wayang,1,2022-05-31
https://en.wikipedia.org/wiki/Ricercar,1,2022-06-01
https://en.wikipedia.org/wiki/New_wave_of_new_wave,1,2022-06-01
https://en.wikipedia.org/wiki/Ars_antiqua,1,2022-06-02
https://en.wikipedia.org/wiki/Uplifting_trance,1,2022-06-02
https://en.wikipedia.org/wiki/Minneapolis_sound,1,2022-06-03
https://en.wikipedia.org/wiki/Thrashcore,1,2022-06-03
https://en.wikipedia.org/wiki/Incidental_music,1,2022-06-04
https://en.wikipedia.org/wiki/Ballet_(music),1,2022-06-04
https://en.wikipedia.org/wiki/Ringbang,1,2022-06-05
https://en.wikipedia.org/wiki/Arabesque_(Turkish_music),1,2022-06-05
https://en.wikipedia.org/wiki/Western_blues,1,2022-06-06
https://en.wikipedia.org/wiki/Suite_(music),1,2022-06-06
https://en.wikipedia.org/wiki/Dub_techno,1,2022-06-07
https://en.wikipedia.org/wiki/Detroit_techno,1,2022-06-07
https://en.wikipedia.org/wiki/Christian_rock,1,2022-06-08
https://en.wikipedia.org/wiki/Industrial_metal,1,2022-06-08
https://en.wikipedia.org/wiki/J%C3%B9j%C3%BA_music,1,2022-06-09
https://en.wikipedia.org/wiki/Canon_(music),1,2022-06-09
https://en.wikipedia.org/wiki/Soukous,1,2022-06-10
https://en.wikipedia.org/wiki/Funan%C3%A1,1,2022-06-10
https://en.wikipedia.org/wiki/Mejoranera,1,2022-06-11
https://en.wikipedia.org/wiki/Pagan_metal,1,2022-06-11
https://en.wikipedia.org/wiki/Chap_hop,1,2022-06-12
https://en.wikipedia.org/wiki/Ramvong,1,2022-06-12
https://en.wikipedia.org/wiki/Afrobeats,1,2022-06-13
https://en.wikipedia.org/wiki/House_music,1,2022-06-13
https://en.wikipedia.org/wiki/Electro_swing,1,2022-06-14
https://en.wikipedia.org/wiki/Shango,1,2022-06-14
https://en.wikipedia.org/wiki/Unblack_metal,1,2022-06-15
https://en.wikipedia.org/wiki/Speed_metal,1,2022-06-16
https://en.wikipedia.org/wiki/Kuduro,1,2022-06-16
https://en.wikipedia.org/wiki/Acid_house,1,2022-06-17
https://en.wikipedia.org/wiki/Dark_ambient,1,2022-06-17
https://en.wikipedia.org/wiki/Visual_Kei,1,2022-06-18
https://en.wikipedia.org/wiki/Christian_hardcore,1,2022-06-18
https://en.wikipedia.org/wiki/Xenomania,1,2022-06-19
https://en.wikipedia.org/wiki/Bluegrass_music,1,2022-06-19
https://en.wikipedia.org/wiki/Melodic_metalcore,1,2022-06-20
https://en.wikipedia.org/wiki/Work_song,1,2022-06-20
https://en.wikipedia.org/wiki/Trival,1,2022-06-21
https://en.wikipedia.org/wiki/Power_electronics_(music),1,2022-06-21
https://en.wikipedia.org/wiki/Dolewave,1,2022-06-22
https://en.wikipedia.org/wiki/Chamarrita,1,2022-06-22
https://en.wikipedia.org/wiki/Tin_Pan_Alley,1,2022-06-23
https://en.wikipedia.org/wiki/Heavy_metal_music,1,2022-06-23
https://en.wikipedia.org/wiki/Madrigal,1,2022-06-24
https://en.wikipedia.org/wiki/Carol_(music),1,2022-06-24
https://en.wikipedia.org/wiki/Chastushka,1,2022-06-25
https://en.wikipedia.org/wiki/Nakasi,1,2022-06-25
https://en.wikipedia.org/wiki/Chang%C3%BC%C3%AD,1,2022-06-26
https://en.wikipedia.org/wiki/Raga_rock,1,2022-06-26
https://en.wikipedia.org/wiki/Slowcore,1,2022-06-27
https://en.wikipedia.org/wiki/Adult_contemporary_music,1,2022-06-27
https://en.wikipedia.org/wiki/British_rhythm_and_blues,1,2022-06-28
https://en.wikipedia.org/wiki/Villanella,1,2022-06-28
https://en.wikipedia.org/wiki/Spiritual_(music),1,2022-06-29
https://en.wikipedia.org/wiki/Zydeco,1,2022-06-29
https://en.wikipedia.org/wiki/Power_noise,1,2022-06-30
https://en.wikipedia.org/wiki/Karaoke,1,2022-06-30
https://en.wikipedia.org/wiki/Rock_music,1,2022-07-01
https://en.wikipedia.org/wiki/Latin_metal,1,2022-07-01
https://en.wikipedia.org/wiki/Dappan_koothu,1,2022-07-02
https://en.wikipedia.org/wiki/Noise_pop,1,2022-07-02
https://en.wikipedia.org/wiki/Hardcore_punk,1,2022-07-03
https://en.wikipedia.org/wiki/Music_for_the_Requiem_Mass,1,2022-07-03
https://en.wikipedia.org/wiki/Ranchera,1,2022-07-04
https://en.wikipedia.org/wiki/Southern_hip_hop,1,2022-07-04
https://en.wikipedia.org/wiki/West_Coast_jazz,1,2022-07-05
https://en.wikipedia.org/wiki/English_folk_music,1,2022-07-05
https://en.wikipedia.org/wiki/Son_cubano,1,2022-07-06
https://en.wikipedia.org/wiki/Mathcore,1,2022-07-06
https://en.wikipedia.org/wiki/Eremwu_eu,1,2022-07-07
https://en.wikipedia.org/wiki/2-step_garage,0,
https://en.wikipedia.org/wiki/20th-century_classical_music,0,
https://en.wikipedia.org/wiki/4-beat,0,
https://en.wikipedia.org/wiki/A_cappella,0,
https://en.wikipedia.org/wiki/Absolute_music,0,
https://en.wikipedia.org/wiki/Acid_jazz,0,
https://en.wikipedia.org/wiki/Acid_rock,0,
https://en.wikipedia.org/wiki/Acid_techno,0,
https://en.wikipedia.org/wiki/Acid_trance,0,
https://en.wikipedia.org/wiki/Acousmatic_music,0,
https://en.wikipedia.org/wiki/Acoustic_music,0,
https://en.wikipedia.org/wiki/African-American_music,0,
https://en.wikipedia.org/wiki/African_heavy_metal,0,
https://en.wikipedia.org/wiki/African_hip_hop,0,
https://en.wikipedia.org/wiki/Afrobeat,0,
https://en.wikipedia.org/wiki/Afro-Cuban_jazz,0,
https://en.wikipedia.org/wiki/Afroswing,0,
https://en.wikipedia.org/wiki/African_popular_music,0,
https://en.wikipedia.org/wiki/Aguinaldo_(music),0,
https://en.wikipedia.org/wiki/Aleatoric_music,0,
https://en.wikipedia.org/wiki/Alternative_country,0,
https://en.wikipedia.org/wiki/Alternative_dance,0,
https://en.wikipedia.org/wiki/Alternative_hip_hop,0,
https://en.wikipedia.org/wiki/Alternative_metal,0,
https://en.wikipedia.org/wiki/Alternative_R%26B,0,
https://en.wikipedia.org/wiki/Alternative_reggaeton,0,
https://en.wikipedia.org/wiki/Alternative_rock,0,
https://en.wikipedia.org/wiki/Ambient_music,0,
https://en.wikipedia.org/wiki/Ambient_house,0,
https://en.wikipedia.org/wiki/Ambient_pop,0,
https://en.wikipedia.org/wiki/Ambient_techno,0,
https://en.wikipedia.org/wiki/Ambrosian_chant,0,
https://en.wikipedia.org/wiki/American_folk_music,0,
https://en.wikipedia.org/wiki/American_folk-music_revival,0,
https://en.wikipedia.org/wiki/Americana_(music),0,
https://en.wikipedia.org/wiki/Anarcho-punk,0,
https://en.wikipedia.org/wiki/Ancient_music,0,
https://en.wikipedia.org/wiki/Anglican_chant,0,
https://en.wikipedia.org/wiki/Rock_music_in_Turkey,0,
https://en.wikipedia.org/wiki/Anti-folk,0,
https://en.wikipedia.org/wiki/Apala,0,
https://en.wikipedia.org/wiki/Appalachian_music,0,
https://en.wikipedia.org/wiki/Arabic_pop_music,0,
https://en.wikipedia.org/wiki/Arena_rock,0,
https://en.wikipedia.org/wiki/Argentine_rock,0,
https://en.wikipedia.org/wiki/Armenian_chant,0,
https://en.wikipedia.org/wiki/Ars_nova,0,
https://en.wikipedia.org/wiki/Ars_subtilior,0,
https://en.wikipedia.org/wiki/Art_pop,0,
https://en.wikipedia.org/wiki/Art_punk,0,
https://en.wikipedia.org/wiki/Art_rock,0,
https://en.wikipedia.org/wiki/Ashik,0,
https://en.wikipedia.org/wiki/Assyrian_folk/pop_music,0,
https://en.wikipedia.org/wiki/Australian_country_music,0,
https://en.wikipedia.org/wiki/Australian_hip_hop,0,
https://en.wikipedia.org/wiki/Avant-funk,0,
https://en.wikipedia.org/wiki/Avant-garde_music,0,
https://en.wikipedia.org/wiki/Avant-garde_jazz,0,
https://en.wikipedia.org/wiki/Avant-garde_metal,0,
https://en.wikipedia.org/wiki/Avant-pop,0,
https://en.wikipedia.org/wiki/Avant-prog,0,
https://en.wikipedia.org/wiki/Avant-punk,0,
https://en.wikipedia.org/wiki/Ax%C3%A9_(music),0,
https://en.wikipedia.org/wiki/Azonto,0,
https://en.wikipedia.org/wiki/Bachata_(music),0,
https://en.wikipedia.org/wiki/Baggy,0,
https://en.wikipedia.org/wiki/Bai%C3%A3o_(music),0,
https://en.wikipedia.org/wiki/Bakersfield_sound,0,
https://en.wikipedia.org/wiki/Baila,0,
https://en.wikipedia.org/wiki/Baisha_xiyue,0,
https://en.wikipedia.org/wiki/Bajourou,0,
https://en.wikipedia.org/wiki/Bal-musette,0,
https://en.wikipedia.org/wiki/Balakadri,0,
https://en.wikipedia.org/wiki/Gamelan,0,
https://en.wikipedia.org/wiki/Balearic_beat,0,
https://en.wikipedia.org/wiki/Balkan_brass,0,
https://en.wikipedia.org/wiki/Ballad,0,
https://en.wikipedia.org/wiki/Ballata,0,
https://en.wikipedia.org/wiki/Baltimore_club,0,
https://en.wikipedia.org/wiki/Bambuco,0,
https://en.wikipedia.org/wiki/Banda_music,0,
https://en.wikipedia.org/wiki/Bangsawan,0,
https://en.wikipedia.org/wiki/Bantowbol,0,
https://en.wikipedia.org/wiki/Barbershop_music,0,
https://en.wikipedia.org/wiki/Barcarolle,0,
https://en.wikipedia.org/wiki/Bard_(Soviet_Union),0,
https://en.wikipedia.org/wiki/Barn_dance,0,
https://en.wikipedia.org/wiki/Baroque_music,0,
https://en.wikipedia.org/wiki/Baroque_pop,0,
https://en.wikipedia.org/wiki/Barynya,0,
https://en.wikipedia.org/wiki/Bassline_(music_genre),0,
https://en.wikipedia.org/wiki/Bat%C3%A1-rumba,0,
https://en.wikipedia.org/wiki/Batucada,0,
https://en.wikipedia.org/wiki/Baul,0,
https://en.wikipedia.org/wiki/Beach_music,0,
https://en.wikipedia.org/wiki/Beat_music,0,
https://en.wikipedia.org/wiki/Beatboxing,0,
https://en.wikipedia.org/wiki/Beatlesque,0,
https://en.wikipedia.org/wiki/Beautiful_music,0,
https://en.wikipedia.org/wiki/Bebop,0,
https://en.wikipedia.org/wiki/Beguine_(dance),0,
https://en.wikipedia.org/wiki/Beiguan_music,0,
https://en.wikipedia.org/wiki/Bel_canto,0,
https://en.wikipedia.org/wiki/Bend-skin,0,
https://en.wikipedia.org/wiki/Beneventan_chant,0,
https://en.wikipedia.org/wiki/Benga_music,0,
https://en.wikipedia.org/wiki/Bent_edge,0,
https://en.wikipedia.org/wiki/Berlin_School_of_electronic_music,0,
https://en.wikipedia.org/wiki/Bhajan,0,
https://en.wikipedia.org/wiki/Bhangra_(music),0,
https://en.wikipedia.org/wiki/Bhangragga,0,
https://en.wikipedia.org/wiki/Big_band_music,0,
https://en.wikipedia.org/wiki/Big_beat,0,
https://en.wikipedia.org/wiki/Big_room_house,0,
https://en.wikipedia.org/wiki/Biguine,0,
https://en.wikipedia.org/wiki/Bihu,0,
https://en.wikipedia.org/wiki/Biker_metal,0,
https://en.wikipedia.org/wiki/Biomusic,0,
https://en.wikipedia.org/wiki/Bitpop,0,
https://en.wikipedia.org/wiki/Blackened_death_metal,0,
https://en.wikipedia.org/wiki/Black_metal,0,
https://en.wikipedia.org/wiki/Blackgaze,0,
https://en.wikipedia.org/wiki/Black_MIDI,0,
https://en.wikipedia.org/wiki/Blue-eyed_soul,0,
https://en.wikipedia.org/wiki/Blues,0,
https://en.wikipedia.org/wiki/Blues_ballad,0,
https://en.wikipedia.org/wiki/Blues_rock,0,
https://en.wikipedia.org/wiki/Bongo_Flava,0,
https://en.wikipedia.org/wiki/Boogie,0,
https://en.wikipedia.org/wiki/Boogie_rock,0,
https://en.wikipedia.org/wiki/Boogie-woogie,0,
https://en.wikipedia.org/wiki/Boogaloo,0,
https://en.wikipedia.org/wiki/Boi_(music),0,
https://en.wikipedia.org/wiki/Bollywood_songs,0,
https://en.wikipedia.org/wiki/Bosnian_root_music,0,
https://en.wikipedia.org/wiki/Bossa_Nova,0,
https://en.wikipedia.org/wiki/Bothy_ballad,0,
https://en.wikipedia.org/wiki/Bounce_music,0,
https://en.wikipedia.org/wiki/Bouncy_techno,0,
https://en.wikipedia.org/wiki/Brass_band,0,
https://en.wikipedia.org/wiki/Breakbeat,0,
https://en.wikipedia.org/wiki/Breakbeat_hardcore,0,
https://en.wikipedia.org/wiki/Breakcore,0,
https://en.wikipedia.org/wiki/Breakstep,0,
https://en.wikipedia.org/wiki/Brega_(music),0,
https://en.wikipedia.org/wiki/Music_of_Brittany,0,
https://en.wikipedia.org/wiki/Brill_Building_(genre),0,
https://en.wikipedia.org/wiki/Brit_funk,0,
https://en.wikipedia.org/wiki/Britpop,0,
https://en.wikipedia.org/wiki/British_blues,0,
https://en.wikipedia.org/wiki/British_folk_rock,0,
https://en.wikipedia.org/wiki/British_Invasion,0,
https://en.wikipedia.org/wiki/British_hip_hop,0,
https://en.wikipedia.org/wiki/British_rock_music,0,
https://en.wikipedia.org/wiki/British_rock_and_roll,0,
https://en.wikipedia.org/wiki/Broken_beat,0,
https://en.wikipedia.org/wiki/Brown-eyed_soul,0,
https://en.wikipedia.org/wiki/Brukdown,0,
https://en.wikipedia.org/wiki/Bubblegum_pop,0,
https://en.wikipedia.org/wiki/Buddhist_music,0,
https://en.wikipedia.org/wiki/Bullerengue,0,
https://en.wikipedia.org/wiki/Bikutsi,0,
https://en.wikipedia.org/wiki/Buler%C3%ADas,0,
https://en.wikipedia.org/wiki/Bunraku,0,
https://en.wikipedia.org/wiki/Burger-highlife,0,
https://en.wikipedia.org/wiki/Burgundian_School,0,
https://en.wikipedia.org/wiki/Bush_ballad,0,
https://en.wikipedia.org/wiki/Byzantine_music,0,
https://en.wikipedia.org/wiki/Ca_din_tulnic,0,
https://en.wikipedia.org/wiki/Ca_tr%C3%B9,0,
https://en.wikipedia.org/wiki/Cabaret,0,
https://en.wikipedia.org/wiki/Cadence-lypso,0,
https://en.wikipedia.org/wiki/Cadence_rampa,0,
https://en.wikipedia.org/wiki/C%E1%BA%A3i_l%C6%B0%C6%A1ng,0,
https://en.wikipedia.org/wiki/Cajun_music,0,
https://en.wikipedia.org/wiki/Cakewalk,0,
https://en.wikipedia.org/wiki/Calinda,0,
https://en.wikipedia.org/wiki/%C4%8Calgija,0,
https://en.wikipedia.org/wiki/Calypso_music,0,
https://en.wikipedia.org/wiki/Calypso-style_baila,0,
https://en.wikipedia.org/wiki/Campursari,0,
https://en.wikipedia.org/wiki/Can_Can,0,
https://en.wikipedia.org/wiki/Canadian_blues,0,
https://en.wikipedia.org/wiki/Candombe,0,
https://en.wikipedia.org/wiki/Cantata,0,
https://en.wikipedia.org/wiki/Cante_chico,0,
https://en.wikipedia.org/wiki/Cante_jondo,0,
https://en.wikipedia.org/wiki/Canterbury_scene,0,
https://en.wikipedia.org/wiki/Canti%C3%B1as,0,
https://en.wikipedia.org/wiki/Cantiga,0,
https://en.wikipedia.org/wiki/Canto_livre,0,
https://en.wikipedia.org/wiki/Cantopop,0,
https://en.wikipedia.org/wiki/Cantu_a_tenore,0,
https://en.wikipedia.org/wiki/Canzone_Napoletana,0,
https://en.wikipedia.org/wiki/Cape_Breton_fiddling,0,
https://en.wikipedia.org/wiki/Capoeira_music,0,
https://en.wikipedia.org/wiki/Carimb%C3%B3,0,
https://en.wikipedia.org/wiki/Cariso,0,
https://en.wikipedia.org/wiki/Carnatic_music,0,
https://en.wikipedia.org/wiki/Cartageneras,0,
https://en.wikipedia.org/wiki/Carnavalito,0,
https://en.wikipedia.org/wiki/Cavacha,0,
https://en.wikipedia.org/wiki/Celempungan,0,
https://en.wikipedia.org/wiki/Cello_rock,0,
https://en.wikipedia.org/wiki/Celtic_chant,0,
https://en.wikipedia.org/wiki/Celtic_fusion,0,
https://en.wikipedia.org/wiki/Celtic_metal,0,
https://en.wikipedia.org/wiki/Celtic_music,0,
https://en.wikipedia.org/wiki/Celtic_punk,0,
https://en.wikipedia.org/wiki/Celtic_reggae,0,
https://en.wikipedia.org/wiki/Celtic_rock,0,
https://en.wikipedia.org/wiki/Cha-cha-cha_(music),0,
https://en.wikipedia.org/wiki/Chacarera,0,
https://en.wikipedia.org/wiki/Chakacha,0,
https://en.wikipedia.org/wiki/Chalga,0,
https://en.wikipedia.org/wiki/Chamam%C3%A9,0,
https://en.wikipedia.org/wiki/Chamber_music,0,
https://en.wikipedia.org/wiki/Chamber_jazz,0,
https://en.wikipedia.org/wiki/Chamber_pop,0,
https://en.wikipedia.org/wiki/Champeta,0,
https://en.wikipedia.org/wiki/Chanson,0,
https://en.wikipedia.org/wiki/Chant,0,
https://en.wikipedia.org/wiki/Charanga_(Cuba),0,
https://en.wikipedia.org/wiki/Charanga-vallenata,0,
https://en.wikipedia.org/wiki/Charikawi,0,
https://en.wikipedia.org/wiki/Charleston_(dance),0,
https://en.wikipedia.org/wiki/Ch%E1%BA%A7u_v%C4%83n,0,
https://en.wikipedia.org/wiki/Ch%C3%A8o,0,
https://en.wikipedia.org/wiki/Chicano_rock,0,
https://en.wikipedia.org/wiki/Children%27s_music,0,
https://en.wikipedia.org/wiki/Chicago_blues,0,
https://en.wikipedia.org/wiki/Chicago_house,0,
https://en.wikipedia.org/wiki/Chicago_soul,0,
https://en.wikipedia.org/wiki/Chicken_scratch,0,
https://en.wikipedia.org/wiki/Chill-out_music,0,
https://en.wikipedia.org/wiki/Chillwave,0,
https://en.wikipedia.org/wiki/Chinese_music,0,
https://en.wikipedia.org/wiki/Chinese_rock,0,
https://en.wikipedia.org/wiki/Chiptune,0,
https://en.wikipedia.org/wiki/Chouval_bwa,0,
https://en.wikipedia.org/wiki/Chowtal,0,
https://en.wikipedia.org/wiki/Choro,0,
https://en.wikipedia.org/wiki/Christmas_carol,0,
https://en.wikipedia.org/wiki/Christmas_music,0,
https://en.wikipedia.org/wiki/Christian_alternative_rock,0,
https://en.wikipedia.org/wiki/Christian_country_music,0,
https://en.wikipedia.org/wiki/Christian_hip_hop,0,
https://en.wikipedia.org/wiki/Christian_metal,0,
https://en.wikipedia.org/wiki/Christian_music,0,
https://en.wikipedia.org/wiki/Christian_punk,0,
https://en.wikipedia.org/wiki/Christian_ska,0,
https://en.wikipedia.org/wiki/Chula_(music),0,
https://en.wikipedia.org/wiki/Chumba,0,
https://en.wikipedia.org/wiki/Church_music,0,
https://en.wikipedia.org/wiki/Chut-kai-pang,0,
https://en.wikipedia.org/wiki/Chutney_music,0,
https://en.wikipedia.org/wiki/Chutney_Soca,0,
https://en.wikipedia.org/wiki/Cifra_(musical_genre),0,
https://en.wikipedia.org/wiki/Circus_music,0,
https://en.wikipedia.org/wiki/Classic_country,0,
https://en.wikipedia.org/wiki/Classic_rock,0,
https://en.wikipedia.org/wiki/Classic_female_blues,0,
https://en.wikipedia.org/wiki/Classical_music,0,
https://en.wikipedia.org/wiki/Classical_period_(music),0,
https://en.wikipedia.org/wiki/Close_and_open_harmony,0,
https://en.wikipedia.org/wiki/Coladeira,0,
https://en.wikipedia.org/wiki/Coldwave,0,
https://en.wikipedia.org/wiki/College_rock,0,
https://en.wikipedia.org/wiki/Combined_rhythm,0,
https://en.wikipedia.org/wiki/Comedy_music,0,
https://en.wikipedia.org/wiki/Comedy_rap,0,
https://en.wikipedia.org/wiki/Comedy_rock,0,
https://en.wikipedia.org/wiki/Comic_opera,0,
https://en.wikipedia.org/wiki/Compas,0,
https://en.wikipedia.org/wiki/Concerto,0,
https://en.wikipedia.org/wiki/Concerto_grosso,0,
https://en.wikipedia.org/wiki/Conga_(music),0,
https://en.wikipedia.org/wiki/Conjunto,0,
https://en.wikipedia.org/wiki/Contemporary_Christian_music,0,
https://en.wikipedia.org/wiki/Contemporary_folk_music,0,
https://en.wikipedia.org/wiki/Contemporary_R%26B,0,
https://en.wikipedia.org/wiki/Contradanza,0,
https://en.wikipedia.org/wiki/Cool_jazz,0,
https://en.wikipedia.org/wiki/Coon_song,0,
https://en.wikipedia.org/wiki/Coptic_music,0,
https://en.wikipedia.org/wiki/Corrido,0,
https://en.wikipedia.org/wiki/Country_music,0,
https://en.wikipedia.org/wiki/Country_blues,0,
https://en.wikipedia.org/wiki/Country_folk,0,
https://en.wikipedia.org/wiki/Country_pop,0,
https://en.wikipedia.org/wiki/Country_rap,0,
https://en.wikipedia.org/wiki/Country_rock,0,
https://en.wikipedia.org/wiki/Coup%C3%A9-D%C3%A9cal%C3%A9,0,
https://en.wikipedia.org/wiki/Cowpunk,0,
https://en.wikipedia.org/wiki/Crabcore,0,
https://en.wikipedia.org/wiki/Creole_music,0,
https://en.wikipedia.org/wiki/Music_of_Crete,0,
https://en.wikipedia.org/wiki/Crossover_thrash,0,
https://en.wikipedia.org/wiki/Crunk,0,
https://en.wikipedia.org/wiki/Crunkcore,0,
https://en.wikipedia.org/wiki/Crust_punk,0,
https://en.wikipedia.org/wiki/Cs%C3%A1rd%C3%A1s,0,
https://en.wikipedia.org/wiki/Cuarteto,0,
https://en.wikipedia.org/wiki/Cueca,0,
https://en.wikipedia.org/wiki/Cumbia,0,
https://en.wikipedia.org/wiki/Cumbia_villera,0,
https://en.wikipedia.org/wiki/Currulao,0,
https://en.wikipedia.org/wiki/Cyber_Metal,0,
https://en.wikipedia.org/wiki/Czech_bluegrass,0,
https://en.wikipedia.org/wiki/Dabke,0,
https://en.wikipedia.org/wiki/Daina_(Latvia),0,
https://en.wikipedia.org/wiki/Daina_(Lithuania),0,
https://en.wikipedia.org/wiki/Dance_music,0,
https://en.wikipedia.org/wiki/Dance-pop,0,
https://en.wikipedia.org/wiki/Dance-punk,0,
https://en.wikipedia.org/wiki/Dance-rock,0,
https://en.wikipedia.org/wiki/Dancehall,0,
https://en.wikipedia.org/wiki/Dangdut,0,
https://en.wikipedia.org/wiki/Danger_music,0,
https://en.wikipedia.org/wiki/Dansband,0,
https://en.wikipedia.org/wiki/Danza,0,
https://en.wikipedia.org/wiki/Danz%C3%B3n,0,
https://en.wikipedia.org/wiki/Dark_cabaret,0,
https://en.wikipedia.org/wiki/Darkcore,0,
https://en.wikipedia.org/wiki/Dark_pop,0,
https://en.wikipedia.org/wiki/Darkstep,0,
https://en.wikipedia.org/wiki/Dark_wave,0,
https://en.wikipedia.org/wiki/De_dragoste,0,
https://en.wikipedia.org/wiki/Deathcore,0,
https://en.wikipedia.org/wiki/Deathgrind,0,
https://en.wikipedia.org/wiki/Death_metal,0,
https://en.wikipedia.org/wiki/Death-doom,0,
https://en.wikipedia.org/wiki/Death_rock,0,
https://en.wikipedia.org/wiki/D%C3%A9cima,0,
https://en.wikipedia.org/wiki/Delta_blues,0,
https://en.wikipedia.org/wiki/Deep_funk,0,
https://en.wikipedia.org/wiki/Deep_house,0,
https://en.wikipedia.org/wiki/Descarga,0,
https://en.wikipedia.org/wiki/Desi_(raga),0,
https://en.wikipedia.org/wiki/Detroit_blues,0,
https://en.wikipedia.org/wiki/Dhamar_(music),0,
https://en.wikipedia.org/wiki/Dhrupad,0,
https://en.wikipedia.org/wiki/Dhun,0,
https://en.wikipedia.org/wiki/Diablada,0,
https://en.wikipedia.org/wiki/Digital_hardcore,0,
https://en.wikipedia.org/wiki/Dirge,0,
https://en.wikipedia.org/wiki/Dirty_rap,0,
https://en.wikipedia.org/wiki/Disco,0,
https://en.wikipedia.org/wiki/Disco_polo,0,
https://en.wikipedia.org/wiki/Diva_house,0,
https://en.wikipedia.org/wiki/Dixieland,0,
https://en.wikipedia.org/wiki/Djent,0,
https://en.wikipedia.org/wiki/Doina,0,
https://en.wikipedia.org/wiki/Dondang_Sayang,0,
https://en.wikipedia.org/wiki/Donegal_fiddle_tradition,0,
https://en.wikipedia.org/wiki/Dongjing_(music),0,
https://en.wikipedia.org/wiki/Doo-wop,0,
https://en.wikipedia.org/wiki/Doom_metal,0,
https://en.wikipedia.org/wiki/Dream_pop,0,
https://en.wikipedia.org/wiki/Drone_metal,0,
https://en.wikipedia.org/wiki/Drill_music,0,
https://en.wikipedia.org/wiki/Drone_music,0,
https://en.wikipedia.org/wiki/Drum_and_bass,0,
https://en.wikipedia.org/wiki/Dub_music,0,
https://en.wikipedia.org/wiki/Dubtronica,0,
https://en.wikipedia.org/wiki/Dubstep,0,
https://en.wikipedia.org/wiki/Dungeon_synth,0,
https://en.wikipedia.org/wiki/Dunun,0,
https://en.wikipedia.org/wiki/Dunedin_Sound,0,
https://en.wikipedia.org/wiki/Dutch_jazz,0,
https://en.wikipedia.org/wiki/Early_music,0,
https://en.wikipedia.org/wiki/East_Coast_hip_hop,0,
https://en.wikipedia.org/wiki/Easy_listening,0,
https://en.wikipedia.org/wiki/Electric_blues,0,
https://en.wikipedia.org/wiki/Electro_(music),0,
https://en.wikipedia.org/w/index.php?title=Electro_backbeat&action=edit&redlink=1,0,
https://en.wikipedia.org/wiki/Electro_house,0,
https://en.wikipedia.org/wiki/Electro-industrial,0,
https://en.wikipedia.org/wiki/Electroacoustic_music,0,
https://en.wikipedia.org/wiki/Electroclash,0,
https://en.wikipedia.org/wiki/Electronic_body_music,0,
https://en.wikipedia.org/wiki/Electronic_dance_music,0,
https://en.wikipedia.org/wiki/Electronic_music,0,
https://en.wikipedia.org/wiki/Electronic_rock,0,
https://en.wikipedia.org/wiki/Electronica,0,
https://en.wikipedia.org/wiki/Electronicore,0,
https://en.wikipedia.org/wiki/Electropop,0,
https://en.wikipedia.org/wiki/Electropunk,0,
https://en.wikipedia.org/wiki/Emo,0,
https://en.wikipedia.org/wiki/Emo_hip_hop,0,
https://en.wikipedia.org/wiki/Emo_pop,0,
https://en.wikipedia.org/wiki/Enka,0,
https://en.wikipedia.org/wiki/Epic_Metal,0,
https://en.wikipedia.org/wiki/Ethereal_wave,0,
https://en.wikipedia.org/wiki/Ethiopian_chant,0,
https://en.wikipedia.org/wiki/Eurobeat,0,
https://en.wikipedia.org/wiki/Eurodance,0,
https://en.wikipedia.org/wiki/Euro_disco,0,
https://en.wikipedia.org/wiki/Euro_house,0,
https://en.wikipedia.org/wiki/Europop,0,
https://en.wikipedia.org/wiki/Eurotrance,0,
https://en.wikipedia.org/wiki/Exotica,0,
https://en.wikipedia.org/wiki/Experimental_music,0,
https://en.wikipedia.org/wiki/Experimental_pop,0,
https://en.wikipedia.org/wiki/Experimental_rock,0,
https://en.wikipedia.org/wiki/Expressionist_music,0,
https://en.wikipedia.org/wiki/Extempo,0,
https://en.wikipedia.org/wiki/Extreme_metal,0,
https://en.wikipedia.org/wiki/Fado,0,
https://en.wikipedia.org/wiki/Falak_music,0,
https://en.wikipedia.org/wiki/Fandango,0,
https://en.wikipedia.org/wiki/Farruca,0,
https://en.wikipedia.org/wiki/Festejo,0,
https://en.wikipedia.org/wiki/Fife_and_drum_blues,0,
https://en.wikipedia.org/wiki/Filk_music,0,
https://en.wikipedia.org/wiki/Film_score,0,
https://en.wikipedia.org/wiki/Filmi,0,
https://en.wikipedia.org/wiki/Filmi-ghazal,0,
https://en.wikipedia.org/wiki/Fingerstyle_guitar,0,
https://en.wikipedia.org/wiki/Flamenco,0,
https://en.wikipedia.org/wiki/Florida_breaks,0,
https://en.wikipedia.org/wiki/Folk_jazz,0,
https://en.wikipedia.org/wiki/Folk_metal,0,
https://en.wikipedia.org/wiki/Folk_music,0,
https://en.wikipedia.org/wiki/Folk_pop,0,
https://en.wikipedia.org/wiki/Folk_punk,0,
https://en.wikipedia.org/wiki/Folk_rock,0,
https://en.wikipedia.org/wiki/Folktronica,0,
https://en.wikipedia.org/wiki/Forr%C3%B3,0,
https://en.wikipedia.org/wiki/Foxtrot,0,
https://en.wikipedia.org/wiki/Freakbeat,0,
https://en.wikipedia.org/wiki/Freak_folk,0,
https://en.wikipedia.org/wiki/Free_improvisation,0,
https://en.wikipedia.org/wiki/Free_jazz,0,
https://en.wikipedia.org/wiki/Free_tekno,0,
https://en.wikipedia.org/wiki/French_house,0,
https://en.wikipedia.org/wiki/Frevo,0,
https://en.wikipedia.org/wiki/Fuji_music,0,
https://en.wikipedia.org/wiki/Funk,0,
https://en.wikipedia.org/wiki/Funk_metal,0,
https://en.wikipedia.org/wiki/Funk_rock,0,
https://en.wikipedia.org/wiki/Funky_house,0,
https://en.wikipedia.org/wiki/Furniture_music,0,
https://en.wikipedia.org/wiki/Future_bass,0,
https://en.wikipedia.org/wiki/Future_garage,0,
https://en.wikipedia.org/wiki/Future_soul,0,
https://en.wikipedia.org/wiki/Futurepop,0,
https://en.wikipedia.org/wiki/G-funk,0,
https://en.wikipedia.org/wiki/Gaana,0,
https://en.wikipedia.org/wiki/Early_hardcore,0,
https://en.wikipedia.org/wiki/Gagaku,0,
https://en.wikipedia.org/wiki/G%C4%A7ana_(folk_music),0,
https://en.wikipedia.org/wiki/Galant,0,
https://en.wikipedia.org/wiki/Gallican_chant,0,
https://en.wikipedia.org/wiki/Gamelan_bebonangan,0,
https://en.wikipedia.org/wiki/Gamelan_degung,0,
https://en.wikipedia.org/wiki/Gamelan_gong_kebyar,0,
https://en.wikipedia.org/wiki/Gamelan_salendro,0,
https://en.wikipedia.org/wiki/Gamelan_selunding,0,
https://en.wikipedia.org/wiki/Gamelan_semar_pegulingan,0,
https://en.wikipedia.org/wiki/Gammaldans,0,
https://en.wikipedia.org/wiki/Gandrung,0,
https://en.wikipedia.org/wiki/Gangsta_rap,0,
https://en.wikipedia.org/wiki/Gar_(music),0,
https://en.wikipedia.org/wiki/Garba_(dance),0,
https://en.wikipedia.org/wiki/Garage_music_(North_America),0,
https://en.wikipedia.org/wiki/Garage_rock,0,
https://en.wikipedia.org/wiki/Gato_(artform),0,
https://en.wikipedia.org/wiki/Gavotte,0,
https://en.wikipedia.org/wiki/Geek_rock,0,
https://en.wikipedia.org/wiki/Gelineau_psalmody,0,
https://en.wikipedia.org/w/index.php?title=German_folk&action=edit&redlink=1,0,
https://en.wikipedia.org/wiki/Ghazal,0,
https://en.wikipedia.org/wiki/Ghettotech,0,
https://en.wikipedia.org/wiki/Girl_group,0,
https://en.wikipedia.org/wiki/Glam_metal,0,
https://en.wikipedia.org/wiki/Glam_punk,0,
https://en.wikipedia.org/wiki/Glam_rock,0,
https://en.wikipedia.org/wiki/Glitch_(music),0,
https://en.wikipedia.org/wiki/Gnawa_music,0,
https://en.wikipedia.org/wiki/Go-go,0,
https://en.wikipedia.org/wiki/Goa_trance,0,
https://en.wikipedia.org/wiki/Gong_chime,0,
https://en.wikipedia.org/wiki/Goombay,0,
https://en.wikipedia.org/wiki/Goregrind,0,
https://en.wikipedia.org/wiki/Goshu_ondo,0,
https://en.wikipedia.org/wiki/Gospel_music,0,
https://en.wikipedia.org/wiki/Gospel_blues,0,
https://en.wikipedia.org/wiki/Gothic_metal,0,
https://en.wikipedia.org/wiki/Gothic_rock,0,
https://en.wikipedia.org/wiki/Gothabilly,0,
https://en.wikipedia.org/wiki/Gqom,0,
https://en.wikipedia.org/wiki/Grebo_(music),0,
https://en.wikipedia.org/wiki/Gregorian_chant,0,
https://en.wikipedia.org/wiki/Grime_(music),0,
https://en.wikipedia.org/wiki/Grindcore,0,
https://en.wikipedia.org/wiki/Griot,0,
https://en.wikipedia.org/wiki/Groove_metal,0,
https://en.wikipedia.org/wiki/Group_Sounds,0,
https://en.wikipedia.org/wiki/Grunge,0,
https://en.wikipedia.org/wiki/Grupera,0,
https://en.wikipedia.org/wiki/Guarania_(music),0,
https://en.wikipedia.org/wiki/Guajira_(music),0,
https://en.wikipedia.org/wiki/Gumbe,0,
https://en.wikipedia.org/wiki/Gunchei,0,
https://en.wikipedia.org/wiki/Gunka,0,
https://en.wikipedia.org/wiki/Guoyue,0,
https://en.wikipedia.org/wiki/Gwo_ka,0,
https://en.wikipedia.org/wiki/Gypsy_jazz,0,
https://en.wikipedia.org/wiki/Gypsy_punk,0,
https://en.wikipedia.org/wiki/Habanera_(music),0,
https://en.wikipedia.org/wiki/Halling_(dance),0,
https://en.wikipedia.org/wiki/Hambo,0,
https://en.wikipedia.org/wiki/Hamburger_Schule,0,
https://en.wikipedia.org/wiki/Happy_hardcore,0,
https://en.wikipedia.org/wiki/Harawi_(genre),0,
https://en.wikipedia.org/wiki/Hardcore_hip_hop,0,
https://en.wikipedia.org/wiki/Hardcore_(electronic_dance_music_genre),0,
https://en.wikipedia.org/wiki/Hard_bop,0,
https://en.wikipedia.org/wiki/UK_hard_house,0,
https://en.wikipedia.org/wiki/Hard_rock,0,
https://en.wikipedia.org/wiki/Hardstep,0,
https://en.wikipedia.org/wiki/Hardstyle,0,
https://en.wikipedia.org/wiki/Hard_trance,0,
https://en.wikipedia.org/wiki/Hasapiko,0,
https://en.wikipedia.org/wiki/H%C3%A1t_tu%E1%BB%93ng,0,
https://en.wikipedia.org/wiki/Heartland_rock,0,
https://en.wikipedia.org/wiki/Heavy_hardcore,0,
https://en.wikipedia.org/wiki/Hi-NRG,0,
https://en.wikipedia.org/wiki/Hill_country_blues,0,
https://en.wikipedia.org/wiki/Highlife,0,
https://en.wikipedia.org/wiki/Hiplife,0,
https://en.wikipedia.org/wiki/Hip_hop_production,0,
https://en.wikipedia.org/wiki/Hip_hop_music,0,
https://en.wikipedia.org/wiki/Hip_house,0,
https://en.wikipedia.org/wiki/Hindustani_classical_music,0,
https://en.wikipedia.org/wiki/Hiragasy,0,
https://en.wikipedia.org/w/index.php?title=Hoerspiel&action=edit&redlink=1,0,
https://en.wikipedia.org/wiki/Hokum,0,
https://en.wikipedia.org/wiki/Honkyoku,0,
https://en.wikipedia.org/wiki/Hora_(dance),0,
https://en.wikipedia.org/wiki/Hora_lung%C4%83,0,
https://en.wikipedia.org/wiki/Hornpipe,0,
https://en.wikipedia.org/wiki/Horrorcore,0,
https://en.wikipedia.org/wiki/Horror_punk,0,
https://en.wikipedia.org/wiki/Huay%C3%B1o,0,
https://en.wikipedia.org/wiki/Hula,0,
https://en.wikipedia.org/wiki/Humppa,0,
https://en.wikipedia.org/wiki/Hunguhungu,0,
https://en.wikipedia.org/wiki/Hyangak,0,
https://en.wikipedia.org/wiki/Hymn,0,
https://en.wikipedia.org/wiki/Hyphy,0,
https://en.wikipedia.org/wiki/Icaro,0,
https://en.wikipedia.org/wiki/Intelligent_dance_music,0,
https://en.wikipedia.org/wiki/Illbient,0,
https://en.wikipedia.org/wiki/Impressionism_in_music,0,
https://en.wikipedia.org/wiki/Improvised,0,
https://en.wikipedia.org/wiki/Indian_rock,0,
https://en.wikipedia.org/wiki/Indietronica,0,
https://en.wikipedia.org/wiki/Indie_folk,0,
https://en.wikipedia.org/wiki/Independent_music,0,
https://en.wikipedia.org/wiki/Indie_pop,0,
https://en.wikipedia.org/wiki/Indie_rock,0,
https://en.wikipedia.org/wiki/Indigenous_music_of_North_America,0,
https://en.wikipedia.org/wiki/Indigenous_rock,0,
https://en.wikipedia.org/wiki/Indo_jazz,0,
https://en.wikipedia.org/wiki/Industrial_hip_hop,0,
https://en.wikipedia.org/wiki/Industrial_music,0,
https://en.wikipedia.org/wiki/Industrial_musical,0,
https://en.wikipedia.org/wiki/Industrial_rock,0,
https://en.wikipedia.org/wiki/Instrumental,0,
https://en.wikipedia.org/wiki/Instrumental_rock,0,
https://en.wikipedia.org/wiki/Inuit_music,0,
https://en.wikipedia.org/wiki/Irish_traditional_music,0,
https://en.wikipedia.org/wiki/Irish_rebel_music,0,
https://en.wikipedia.org/wiki/Isicathamiya,0,
https://en.wikipedia.org/wiki/Islamic_music,0,
https://en.wikipedia.org/wiki/Italo_dance,0,
https://en.wikipedia.org/wiki/Italo_disco,0,
https://en.wikipedia.org/wiki/Italo_house,0,
https://en.wikipedia.org/wiki/J-pop,0,
https://en.wikipedia.org/wiki/Jaipongan,0,
https://en.wikipedia.org/wiki/Jam_band,0,
https://en.wikipedia.org/wiki/Jam_session,0,
https://en.wikipedia.org/wiki/Jamaican_folk_music,0,
https://en.wikipedia.org/wiki/Chamrieng_Samai,0,
https://en.wikipedia.org/wiki/Jangle,0,
https://en.wikipedia.org/wiki/Japanese_rock,0,
https://en.wikipedia.org/wiki/Japanoise,0,
https://en.wikipedia.org/wiki/Jarana_yucateca,0,
https://en.wikipedia.org/wiki/Jarocho,0,
https://en.wikipedia.org/wiki/Jazz,0,
https://en.wikipedia.org/wiki/Jazz_improvisation,0,
https://en.wikipedia.org/wiki/Jazz-funk,0,
https://en.wikipedia.org/wiki/Jazz_fusion,0,
https://en.wikipedia.org/wiki/Jazz_rap,0,
https://en.wikipedia.org/wiki/Gamelan_jegog,0,
https://en.wikipedia.org/wiki/Jenkka,0,
https://en.wikipedia.org/wiki/Jesus_music,0,
https://en.wikipedia.org/wiki/Jewish,0,
https://en.wikipedia.org/wiki/Jig,0,
https://en.wikipedia.org/wiki/Jing_ping,0,
https://en.wikipedia.org/wiki/Jingle,0,
https://en.wikipedia.org/wiki/Jit,0,
https://en.wikipedia.org/wiki/Jitterbug,0,
https://en.wikipedia.org/wiki/Jive_(dance),0,
https://en.wikipedia.org/wiki/Joged,0,
https://en.wikipedia.org/wiki/Gamelan_joged_bumbung,0,
https://en.wikipedia.org/wiki/Joik,0,
https://en.wikipedia.org/wiki/Joropo,0,
https://en.wikipedia.org/wiki/Jota_(music),0,
https://en.wikipedia.org/wiki/Jug_band,0,
https://en.wikipedia.org/wiki/Footwork_(genre),0,
https://en.wikipedia.org/wiki/Jump_blues,0,
https://en.wikipedia.org/wiki/Jumpstyle,0,
https://en.wikipedia.org/wiki/Jungle_music,0,
https://en.wikipedia.org/wiki/Junkanoo,0,
https://en.wikipedia.org/wiki/K-pop,0,
https://en.wikipedia.org/wiki/Kabuki,0,
https://en.wikipedia.org/wiki/Gagok,0,
https://en.wikipedia.org/wiki/Kaiso,0,
https://en.wikipedia.org/wiki/Kalamatian%C3%B3,0,
https://en.wikipedia.org/wiki/Kan_ha_diskan,0,
https://en.wikipedia.org/wiki/Kanikapila,0,
https://en.wikipedia.org/wiki/Kantrum,0,
https://en.wikipedia.org/wiki/Kaseko,0,
https://en.wikipedia.org/wiki/Kach%C4%81sh%C4%AB,0,
https://en.wikipedia.org/wiki/Kawachi_ondo,0,
https://en.wikipedia.org/wiki/Kawaii_metal,0,
https://en.wikipedia.org/wiki/Kay%C5%8Dkyoku,0,
https://en.wikipedia.org/wiki/Kecak,0,
https://en.wikipedia.org/wiki/Kacapi_suling,0,
https://en.wikipedia.org/wiki/Kertok,0,
https://en.wikipedia.org/wiki/Khaliji_(music),0,
https://en.wikipedia.org/wiki/Khene,0,
https://en.wikipedia.org/wiki/Khyal,0,
https://en.wikipedia.org/wiki/Kievan_chant,0,
https://en.wikipedia.org/wiki/Kirtan,0,
https://en.wikipedia.org/wiki/Kiwi_rock,0,
https://en.wikipedia.org/wiki/Kizomba,0,
https://en.wikipedia.org/wiki/Klapa,0,
https://en.wikipedia.org/wiki/Klasik,0,
https://en.wikipedia.org/wiki/Klezmer,0,
https://en.wikipedia.org/wiki/Kliningan,0,
https://en.wikipedia.org/wiki/Kolomyjka,0,
https://en.wikipedia.org/wiki/Komagaku,0,
https://en.wikipedia.org/wiki/Kpanlogo,0,
https://en.wikipedia.org/wiki/Krakowiak,0,
https://en.wikipedia.org/wiki/Krautrock,0,
https://en.wikipedia.org/wiki/Kriti_(music),0,
https://en.wikipedia.org/wiki/Kroncong,0,
https://en.wikipedia.org/wiki/Kulintang,0,
https://en.wikipedia.org/wiki/Kundiman,0,
https://en.wikipedia.org/wiki/Kv%C3%A6%C3%B0i,0,
https://en.wikipedia.org/wiki/Kwaito,0,
https://en.wikipedia.org/wiki/Kwassa_kwassa,0,
https://en.wikipedia.org/wiki/Kwela,0,
https://en.wikipedia.org/wiki/Laiko,0,
https://en.wikipedia.org/wiki/Lambada,0,
https://en.wikipedia.org/wiki/Land%C3%B3_(music),0,
https://en.wikipedia.org/wiki/Latin_alternative,0,
https://en.wikipedia.org/wiki/Latin_jazz,0,
https://en.wikipedia.org/wiki/Latino_hip_hop,0,
https://en.wikipedia.org/wiki/Latin_music,0,
https://en.wikipedia.org/wiki/Latin_pop,0,
https://en.wikipedia.org/wiki/Latino_punk,0,
https://en.wikipedia.org/wiki/Latin_rock,0,
https://en.wikipedia.org/wiki/Latin_soul,0,
https://en.wikipedia.org/wiki/Lavani,0,
https://en.wikipedia.org/wiki/Leg%C3%A9nyes,0,
https://en.wikipedia.org/wiki/Letkajenkka,0,
https://en.wikipedia.org/wiki/Lhamo,0,
https://en.wikipedia.org/wiki/Lied,0,
https://en.wikipedia.org/w/index.php?title=Light_Metal_music&action=edit&redlink=1,0,
https://en.wikipedia.org/wiki/Light_music,0,
https://en.wikipedia.org/wiki/Liquid_funk,0,
https://en.wikipedia.org/wiki/Lo-fi_music,0,
https://en.wikipedia.org/wiki/Logobi,0,
https://en.wikipedia.org/wiki/Tehuelche_people,0,
https://en.wikipedia.org/wiki/Long_song,0,
https://en.wikipedia.org/wiki/Louisiana_blues,0,
https://en.wikipedia.org/wiki/Lounge_music,0,
https://en.wikipedia.org/wiki/Lovers_rock,0,
https://en.wikipedia.org/wiki/Lowercase_(music),0,
https://en.wikipedia.org/wiki/Lu_(music),0,
https://en.wikipedia.org/wiki/Lubbock_sound,0,
https://en.wikipedia.org/wiki/Luk_Krung,0,
https://en.wikipedia.org/wiki/Luk_thung,0,
https://en.wikipedia.org/wiki/Lullaby,0,
https://en.wikipedia.org/wiki/Lundu_(dance),0,
https://en.wikipedia.org/wiki/M-Base,0,
https://en.wikipedia.org/wiki/Madchester,0,
https://en.wikipedia.org/wiki/Mahori,0,
https://en.wikipedia.org/wiki/Makossa,0,
https://en.wikipedia.org/wiki/Malhun,0,
https://en.wikipedia.org/wiki/Maloya,0,
https://en.wikipedia.org/wiki/Malambo_(dance),0,
https://en.wikipedia.org/wiki/Mambo_(music),0,
https://en.wikipedia.org/wiki/Manaschi,0,
https://en.wikipedia.org/wiki/Mandopop,0,
https://en.wikipedia.org/wiki/Manele,0,
https://en.wikipedia.org/wiki/Mangue_bit,0,
https://en.wikipedia.org/wiki/Manila_Sound,0,
https://en.wikipedia.org/wiki/Marabi,0,
https://en.wikipedia.org/wiki/March_(music),0,
https://en.wikipedia.org/wiki/Mariachi,0,
https://en.wikipedia.org/wiki/Marrabenta,0,
https://en.wikipedia.org/wiki/Martial_industrial,0,
https://en.wikipedia.org/wiki/Martial_music,0,
https://en.wikipedia.org/wiki/Maskanda,0,
https://en.wikipedia.org/wiki/Marinera,0,
https://en.wikipedia.org/wiki/Martinetes,0,
https://en.wikipedia.org/wiki/Mashup_(music),0,
https://en.wikipedia.org/wiki/Mass_(music),0,
https://en.wikipedia.org/wiki/Matamuerte,0,
https://en.wikipedia.org/wiki/Math_rock,0,
https://en.wikipedia.org/wiki/Maxixe_(dance),0,
https://en.wikipedia.org/wiki/Mazurka,0,
https://en.wikipedia.org/wiki/Mbalax,0,
https://en.wikipedia.org/wiki/Mbaqanga,0,
https://en.wikipedia.org/wiki/Mbube_(genre),0,
https://en.wikipedia.org/wiki/Meditation_music,0,
https://en.wikipedia.org/wiki/Medieval_folk_rock,0,
https://en.wikipedia.org/wiki/Medieval_metal,0,
https://en.wikipedia.org/wiki/Medieval_music,0,
https://en.wikipedia.org/wiki/Melam,0,
https://en.wikipedia.org/wiki/Melisma,0,
https://en.wikipedia.org/wiki/Melodic_hardcore,0,
https://en.wikipedia.org/wiki/Melodic_music,0,
https://en.wikipedia.org/wiki/Memphis_blues,0,
https://en.wikipedia.org/wiki/Memphis_soul,0,
https://en.wikipedia.org/wiki/Mento,0,
https://en.wikipedia.org/wiki/Merengue_music,0,
https://en.wikipedia.org/wiki/Merengue_t%C3%ADpico,0,
https://en.wikipedia.org/wiki/M%C3%A9ringue,0,
https://en.wikipedia.org/wiki/Metal_music,0,
https://en.wikipedia.org/wiki/Metalcore,0,
https://en.wikipedia.org/wiki/Mexican_rock_music,0,
https://en.wikipedia.org/wiki/Meykhana,0,
https://en.wikipedia.org/wiki/Mezwed,0,
https://en.wikipedia.org/wiki/Miami_bass,0,
https://en.wikipedia.org/wiki/Microhouse,0,
https://en.wikipedia.org/wiki/Microsound,0,
https://en.wikipedia.org/wiki/Middle_Eastern_music,0,
https://en.wikipedia.org/wiki/Midwest_hip_hop,0,
https://en.wikipedia.org/wiki/Mini-jazz,0,
https://en.wikipedia.org/wiki/Minuet,0,
https://en.wikipedia.org/wiki/Milonga_(music),0,
https://en.wikipedia.org/wiki/Min%27y%C5%8D,0,
https://en.wikipedia.org/wiki/Minimal_music,0,
https://en.wikipedia.org/wiki/Minimal_techno,0,
https://en.wikipedia.org/wiki/Minstrel_show,0,
https://en.wikipedia.org/wiki/Modal_jazz,0,
https://en.wikipedia.org/wiki/Modern_rock,0,
https://en.wikipedia.org/wiki/Morenada,0,
https://en.wikipedia.org/wiki/Mor_lam,0,
https://en.wikipedia.org/wiki/Mor_lam_sing,0,
https://en.wikipedia.org/wiki/Moombahton,0,
https://en.wikipedia.org/wiki/Moombahcore,0,
https://en.wikipedia.org/wiki/Motown,0,
https://en.wikipedia.org/wiki/Montuno,0,
https://en.wikipedia.org/wiki/Morna_(music),0,
https://en.wikipedia.org/wiki/Mozarabic_chant,0,
https://en.wikipedia.org/wiki/Mugham,0,
https://en.wikipedia.org/wiki/Mumble_rap,0,
https://en.wikipedia.org/wiki/Murga,0,
https://en.wikipedia.org/wiki/Mushroom_Jazz,0,
https://en.wikipedia.org/wiki/Gesamtkunstwerk,0,
https://en.wikipedia.org/wiki/Music_hall,0,
https://en.wikipedia.org/wiki/M%C3%BAsica_criolla,0,
https://en.wikipedia.org/wiki/M%C3%BAsica_popular_brasileira,0,
https://en.wikipedia.org/wiki/Musique_concr%C3%A8te,0,
https://en.wikipedia.org/wiki/Muwashshah,0,
https://en.wikipedia.org/wiki/Muzak,0,
https://en.wikipedia.org/wiki/Nagauta,0,
https://en.wikipedia.org/wiki/Nangma,0,
https://en.wikipedia.org/wiki/Nanguan_music,0,
https://en.wikipedia.org/wiki/Narcocorrido,0,
https://en.wikipedia.org/wiki/Nardcore,0,
https://en.wikipedia.org/wiki/Narodna_muzika,0,
https://en.wikipedia.org/wiki/Nasheed,0,
https://en.wikipedia.org/wiki/Nashville_sound,0,
https://en.wikipedia.org/wiki/National_Socialist_black_metal,0,
https://en.wikipedia.org/wiki/Nazi_punk,0,
https://en.wikipedia.org/wiki/Nederpop,0,
https://en.wikipedia.org/wiki/Neoclassicism_(music),0,
https://en.wikipedia.org/wiki/Neoclassical_dark_wave,0,
https://en.wikipedia.org/wiki/Neo-classical_metal,0,
https://en.wikipedia.org/wiki/Neoclassical_(New_Age),0,
https://en.wikipedia.org/wiki/Greek_New_Wave,0,
https://en.wikipedia.org/wiki/Neofolk,0,
https://en.wikipedia.org/wiki/Neo-Medieval_music,0,
https://en.wikipedia.org/wiki/Neo-progressive_rock,0,
https://en.wikipedia.org/wiki/Neo-psychedelia,0,
https://en.wikipedia.org/wiki/Neo_soul,0,
https://en.wikipedia.org/wiki/Neotraditional_country,0,
https://en.wikipedia.org/wiki/Nerdcore,0,
https://en.wikipedia.org/wiki/Neue_Deutsche_H%C3%A4rte,0,
https://en.wikipedia.org/wiki/Neue_Deutsche_Welle,0,
https://en.wikipedia.org/wiki/Neue_Deutsche_Todeskunst,0,
https://en.wikipedia.org/wiki/Neurofunk,0,
https://en.wikipedia.org/wiki/New-age_music,0,
https://en.wikipedia.org/wiki/New_Beat,0,
https://en.wikipedia.org/wiki/New_jack_swing,0,
https://en.wikipedia.org/wiki/New_Mexico_music,0,
https://en.wikipedia.org/wiki/New_Orleans_blues,0,
https://en.wikipedia.org/wiki/New_Orleans_rhythm_and_blues,0,
https://en.wikipedia.org/wiki/New_rave,0,
https://en.wikipedia.org/wiki/New_school_hip_hop,0,
https://en.wikipedia.org/wiki/New_wave_music,0,
https://en.wikipedia.org/wiki/New_Weird_America,0,
https://en.wikipedia.org/wiki/Nintendocore,0,
https://en.wikipedia.org/wiki/Nisiotika,0,
https://en.wikipedia.org/wiki/No_wave,0,
https://en.wikipedia.org/wiki/Noh,0,
https://en.wikipedia.org/wiki/Noise_music,0,
https://en.wikipedia.org/wiki/Noise_rock,0,
https://en.wikipedia.org/wiki/Nordic_folk_music,0,
https://en.wikipedia.org/wiki/Nortec,0,
https://en.wikipedia.org/wiki/Norte%C3%B1o_(music),0,
https://en.wikipedia.org/wiki/Northern_soul,0,
https://en.wikipedia.org/wiki/Nu-disco,0,
https://en.wikipedia.org/wiki/Nu-funk,0,
https://en.wikipedia.org/wiki/Nu_gaze,0,
https://en.wikipedia.org/wiki/Nu_jazz,0,
https://en.wikipedia.org/wiki/Nu_metal,0,
https://en.wikipedia.org/wiki/Nu_skool_breaks,0,
https://en.wikipedia.org/wiki/Nueva_canci%C3%B3n,0,
https://en.wikipedia.org/wiki/Nuevo_tango,0,
https://en.wikipedia.org/wiki/Obscuro,0,
https://en.wikipedia.org/wiki/Obikhod,0,
https://en.wikipedia.org/wiki/Oi!,0,
https://en.wikipedia.org/wiki/Old-school_hip_hop,0,
https://en.wikipedia.org/wiki/Old_Roman_chant,0,
https://en.wikipedia.org/wiki/Old-time_music,0,
https://en.wikipedia.org/wiki/Oldies,0,
https://en.wikipedia.org/wiki/Olonkho,0,
https://en.wikipedia.org/wiki/Old_Time_Radio,0,
https://en.wikipedia.org/wiki/Ondo_(music),0,
https://en.wikipedia.org/wiki/Opera,0,
https://en.wikipedia.org/wiki/Operatic_pop,0,
https://en.wikipedia.org/wiki/Operetta,0,
https://en.wikipedia.org/wiki/Oratorio,0,
https://en.wikipedia.org/wiki/Orchestral_pop,0,
https://en.wikipedia.org/wiki/Organ_trio,0,
https://en.wikipedia.org/wiki/Organic_ambient_music,0,
https://en.wikipedia.org/wiki/Organum,0,
https://en.wikipedia.org/wiki/Oriental_metal,0,
https://en.wikipedia.org/wiki/Orthodox,0,
https://en.wikipedia.org/wiki/Ottava_rima,0,
https://en.wikipedia.org/wiki/Ottoman_military_band,0,
https://en.wikipedia.org/wiki/Outlaw_country,0,
https://en.wikipedia.org/wiki/P-Funk,0,
https://en.wikipedia.org/wiki/Pachanga,0,
https://en.wikipedia.org/wiki/Pagan_rock,0,
https://en.wikipedia.org/wiki/Pagode,0,
https://en.wikipedia.org/wiki/Paisley_Underground,0,
https://en.wikipedia.org/wiki/Panambih,0,
https://en.wikipedia.org/wiki/Panchai_baja,0,
https://en.wikipedia.org/wiki/Panchavadyam,0,
https://en.wikipedia.org/wiki/Pansori,0,
https://en.wikipedia.org/wiki/Paraguayan_polka,0,
https://en.wikipedia.org/wiki/Paranda_music,0,
https://en.wikipedia.org/wiki/Parranda,0,
https://en.wikipedia.org/wiki/Parody_music,0,
https://en.wikipedia.org/wiki/Pambiche,0,
https://en.wikipedia.org/wiki/Paranda,0,
https://en.wikipedia.org/wiki/Parang,0,
https://en.wikipedia.org/wiki/Partido_alto,0,
https://en.wikipedia.org/wiki/Pasacalle,0,
https://en.wikipedia.org/wiki/Pasillo,0,
https://en.wikipedia.org/wiki/Pasodoble,0,
https://en.wikipedia.org/wiki/Payada,0,
https://en.wikipedia.org/wiki/Peace_Punk,0,
https://en.wikipedia.org/wiki/Persian_traditional_music,0,
https://en.wikipedia.org/wiki/Peruvian_cumbia,0,
https://en.wikipedia.org/wiki/Petenera,0,
https://en.wikipedia.org/wiki/Peyote_Song,0,
https://en.wikipedia.org/wiki/Philadelphia_soul,0,
https://en.wikipedia.org/wiki/Pibroch,0,
https://en.wikipedia.org/wiki/Piedmont_blues,0,
https://en.wikipedia.org/wiki/Pilipino,0,
https://en.wikipedia.org/wiki/Pimba,0,
https://en.wikipedia.org/wiki/Pinoy_rock,0,
https://en.wikipedia.org/wiki/Pinpeat_orchestra,0,
https://en.wikipedia.org/wiki/Piphat,0,
https://en.wikipedia.org/wiki/Pirate_metal,0,
https://en.wikipedia.org/wiki/Piyyutim,0,
https://en.wikipedia.org/wiki/Plainsong,0,
https://en.wikipedia.org/wiki/Plena,0,
https://en.wikipedia.org/wiki/Pleng_phua_cheewit,0,
https://en.wikipedia.org/wiki/Pleng_Thai_sakorn,0,
https://en.wikipedia.org/wiki/Plus_8,0,
https://en.wikipedia.org/wiki/Political_hip_hop,0,
https://en.wikipedia.org/wiki/Polka,0,
https://en.wikipedia.org/wiki/Polo_(music),0,
https://en.wikipedia.org/wiki/Polonaise_(dance),0,
https://en.wikipedia.org/wiki/Pols,0,
https://en.wikipedia.org/wiki/Polska,0,
https://en.wikipedia.org/wiki/Pong_lang,0,
https://en.wikipedia.org/wiki/Pop_folk,0,
https://en.wikipedia.org/wiki/Pop_music,0,
https://en.wikipedia.org/wiki/Pop_punk,0,
https://en.wikipedia.org/wiki/Pop_rap,0,
https://en.wikipedia.org/wiki/Pop_rock,0,
https://en.wikipedia.org/wiki/Pop_sunda,0,
https://en.wikipedia.org/wiki/Popular_music,0,
https://en.wikipedia.org/wiki/Pornocore,0,
https://en.wikipedia.org/wiki/Pornogrind,0,
https://en.wikipedia.org/wiki/Porro,0,
https://en.wikipedia.org/wiki/Post-bop,0,
https://en.wikipedia.org/wiki/Post-Britpop,0,
https://en.wikipedia.org/wiki/Post-dubstep,0,
https://en.wikipedia.org/wiki/Post-disco,0,
https://en.wikipedia.org/wiki/Post-grunge,0,
https://en.wikipedia.org/wiki/Post-hardcore,0,
https://en.wikipedia.org/wiki/Post-industrial_(music),0,
https://en.wikipedia.org/wiki/Post-metal,0,
https://en.wikipedia.org/wiki/Post-minimalism,0,
https://en.wikipedia.org/wiki/Postmodern_music,0,
https://en.wikipedia.org/wiki/Post-punk,0,
https://en.wikipedia.org/wiki/Post-punk_revival,0,
https://en.wikipedia.org/wiki/Post-rock,0,
https://en.wikipedia.org/wiki/Post-romanticism,0,
https://en.wikipedia.org/wiki/Power_metal,0,
https://en.wikipedia.org/wiki/Power_pop,0,
https://en.wikipedia.org/wiki/Power_trio,0,
https://en.wikipedia.org/wiki/Powerviolence,0,
https://en.wikipedia.org/wiki/Pow-wow,0,
https://en.wikipedia.org/wiki/Ppongtchak,0,
https://en.wikipedia.org/wiki/Praise_song,0,
https://en.wikipedia.org/wiki/Program_symphony,0,
https://en.wikipedia.org/wiki/Progressive_electronic_music,0,
https://en.wikipedia.org/wiki/Progressive_folk_music,0,
https://en.wikipedia.org/wiki/Progressive_house,0,
https://en.wikipedia.org/wiki/Progressive_metal,0,
https://en.wikipedia.org/wiki/Progressive_music,0,
https://en.wikipedia.org/wiki/Progressive_pop,0,
https://en.wikipedia.org/wiki/Progressive_rock,0,
https://en.wikipedia.org/wiki/Progressive_trance,0,
https://en.wikipedia.org/wiki/Prostopinije,0,
https://en.wikipedia.org/wiki/Proto-punk,0,
https://en.wikipedia.org/wiki/Psychedelic_music,0,
https://en.wikipedia.org/wiki/Psychedelic_folk,0,
https://en.wikipedia.org/wiki/Psychedelic_funk,0,
https://en.wikipedia.org/wiki/Psychedelic_pop,0,
https://en.wikipedia.org/wiki/Psychedelic_rock,0,
https://en.wikipedia.org/wiki/Psychedelic_soul,0,
https://en.wikipedia.org/wiki/Psychedelic_trance,0,
https://en.wikipedia.org/wiki/Psychobilly,0,
https://en.wikipedia.org/wiki/Pub_rock_(disambiguation),0,
https://en.wikipedia.org/wiki/Pungmul,0,
https://en.wikipedia.org/wiki/Punk_blues,0,
https://en.wikipedia.org/wiki/Dark_Cabaret,0,
https://en.wikipedia.org/wiki/Punk_jazz,0,
https://en.wikipedia.org/wiki/Punk_rock,0,
https://en.wikipedia.org/wiki/Punta,0,
https://en.wikipedia.org/wiki/Punta_rock,0,
https://en.wikipedia.org/wiki/Culoepuya,0,
https://en.wikipedia.org/wiki/Quan_ho,0,
https://en.wikipedia.org/wiki/Qasidah,0,
https://en.wikipedia.org/wiki/Qasidah_modern,0,
https://en.wikipedia.org/wiki/Qawwali,0,
https://en.wikipedia.org/wiki/Qin,0,
https://en.wikipedia.org/wiki/Quadrille,0,
https://en.wikipedia.org/wiki/Queercore,0,
https://en.wikipedia.org/wiki/Quiet_Storm,0,
https://en.wikipedia.org/wiki/Raga,0,
https://en.wikipedia.org/wiki/Raggamuffin_music,0,
https://en.wikipedia.org/wiki/Ragga_Jungle,0,
https://en.wikipedia.org/wiki/Ragtime,0,
https://en.wikipedia.org/wiki/Ra%C3%AF,0,
https://en.wikipedia.org/wiki/Raicore,0,
https://en.wikipedia.org/wiki/Ra%C3%AF%27n%27B,0,
https://en.wikipedia.org/wiki/Rake-and-scrape,0,
https://en.wikipedia.org/wiki/Ramkbach,0,
https://en.wikipedia.org/wiki/Rapso,0,
https://en.wikipedia.org/wiki/Rap_metal,0,
https://en.wikipedia.org/wiki/Rap_rock,0,
https://en.wikipedia.org/wiki/Rara,0,
https://en.wikipedia.org/wiki/Rare_groove,0,
https://en.wikipedia.org/wiki/Rasiya,0,
https://en.wikipedia.org/wiki/Ravanahatha,0,
https://en.wikipedia.org/wiki/Rave_music,0,
https://en.wikipedia.org/wiki/Rebetiko,0,
https://en.wikipedia.org/wiki/Red_Dirt_(music),0,
https://en.wikipedia.org/wiki/Reel_(dance),0,
https://en.wikipedia.org/wiki/Reggae,0,
https://en.wikipedia.org/wiki/Reggae_fusion,0,
https://en.wikipedia.org/wiki/Reggae_highlife,0,
https://en.wikipedia.org/wiki/Reggaeton,0,
https://en.wikipedia.org/wiki/Rekilaulu,0,
https://en.wikipedia.org/wiki/Religious_music,0,
https://en.wikipedia.org/wiki/Rembetiko,0,
https://en.wikipedia.org/wiki/Renaissance_music,0,
https://en.wikipedia.org/wiki/Retro,0,
https://en.wikipedia.org/wiki/Rhapsody_(music),0,
https://en.wikipedia.org/wiki/Rhumba,0,
https://en.wikipedia.org/wiki/Rhyming_spiritual,0,
https://en.wikipedia.org/wiki/Rhythm_and_blues,0,
https://en.wikipedia.org/wiki/R%C3%ADmur,0,
https://en.wikipedia.org/wiki/Riot_grrrl,0,
https://en.wikipedia.org/wiki/Rock_opera,0,
https://en.wikipedia.org/wiki/Rock_and_roll,0,
https://en.wikipedia.org/wiki/Rock_en_espa%C3%B1ol,0,
https://en.wikipedia.org/wiki/Rockabilly,0,
https://en.wikipedia.org/wiki/Rocksteady,0,
https://en.wikipedia.org/wiki/Rococo,0,
https://en.wikipedia.org/wiki/R%C5%8Dkyoku,0,
https://en.wikipedia.org/wiki/Romani_music,0,
https://en.wikipedia.org/wiki/Romantic_period_in_music,0,
https://en.wikipedia.org/wiki/Ronggeng,0,
https://en.wikipedia.org/wiki/Roots_reggae,0,
https://en.wikipedia.org/wiki/Roots_rock,0,
https://en.wikipedia.org/wiki/Roots_rock_reggae,0,
https://en.wikipedia.org/wiki/Rumba,0,
https://en.wikipedia.org/wiki/Sabar,0,
https://en.wikipedia.org/wiki/Sacred_Harp,0,
https://en.wikipedia.org/wiki/Sadcore,0,
https://en.wikipedia.org/wiki/Salsa_dura,0,
https://en.wikipedia.org/wiki/Salsa_music,0,
https://en.wikipedia.org/wiki/Salsa_rom%C3%A1ntica,0,
https://en.wikipedia.org/wiki/Saltarello,0,
https://en.wikipedia.org/wiki/Samba,0,
https://en.wikipedia.org/wiki/Samba-can%C3%A7%C3%A3o,0,
https://en.wikipedia.org/wiki/Samba-reggae,0,
https://en.wikipedia.org/wiki/Samba_rock,0,
https://en.wikipedia.org/wiki/Sambai,0,
https://en.wikipedia.org/wiki/Sambass,0,
https://en.wikipedia.org/wiki/Sampledelia,0,
https://en.wikipedia.org/wiki/Sampling_(music),0,
https://en.wikipedia.org/wiki/Sanjo_(music),0,
https://en.wikipedia.org/wiki/S%C3%A2rb%C4%83,0,
https://en.wikipedia.org/wiki/Sardana,0,
https://en.wikipedia.org/wiki/Sato_kagura,0,
https://en.wikipedia.org/wiki/Sawt_(music),0,
https://en.wikipedia.org/wiki/Saya_(artform),0,
https://en.wikipedia.org/wiki/Schlager_music,0,
https://en.wikipedia.org/wiki/Schottische,0,
https://en.wikipedia.org/wiki/Scottish_Baroque_music,0,
https://en.wikipedia.org/wiki/Scottish_folk_music,0,
https://en.wikipedia.org/wiki/Scrumpy_and_Western,0,
https://en.wikipedia.org/wiki/Screamo,0,
https://en.wikipedia.org/wiki/Sea_shanty,0,
https://en.wikipedia.org/wiki/Sean-n%C3%B3s_song,0,
https://en.wikipedia.org/wiki/Seapunk,0,
https://en.wikipedia.org/wiki/Second_Viennese_School,0,
https://en.wikipedia.org/wiki/Sega_music,0,
https://en.wikipedia.org/wiki/Seggae,0,
https://en.wikipedia.org/wiki/Seis,0,
https://en.wikipedia.org/wiki/Semba,0,
https://en.wikipedia.org/wiki/Sephardic_music,0,
https://en.wikipedia.org/wiki/Serialism,0,
https://en.wikipedia.org/wiki/M%C3%BAsica_sertaneja,0,
https://en.wikipedia.org/wiki/Set_dance,0,
https://en.wikipedia.org/wiki/Sevdalinka,0,
https://en.wikipedia.org/wiki/Sevillana,0,
https://en.wikipedia.org/wiki/Shabda,0,
https://en.wikipedia.org/wiki/Shalako,0,
https://en.wikipedia.org/wiki/Shan%27ge,0,
https://en.wikipedia.org/wiki/Shibuya-kei,0,
https://en.wikipedia.org/wiki/Shidaiqu,0,
https://en.wikipedia.org/wiki/Shima-uta,0,
https://en.wikipedia.org/wiki/Shock_rock,0,
https://en.wikipedia.org/wiki/Shoegazing,0,
https://en.wikipedia.org/wiki/Shoka,0,
https://en.wikipedia.org/wiki/Shomyo,0,
https://en.wikipedia.org/wiki/Shota_(dance),0,
https://en.wikipedia.org/wiki/Show_tune,0,
https://en.wikipedia.org/wiki/Sica,0,
https://en.wikipedia.org/wiki/Siguiriyas,0,
https://en.wikipedia.org/wiki/Silat,0,
https://en.wikipedia.org/wiki/Sinawi,0,
https://en.wikipedia.org/wiki/Singer-songwriter,0,
https://en.wikipedia.org/wiki/Ska,0,
https://en.wikipedia.org/wiki/Ska_punk,0,
https://en.wikipedia.org/wiki/Skald,0,
https://en.wikipedia.org/wiki/Skate_punk,0,
https://en.wikipedia.org/wiki/Skweee,0,
https://en.wikipedia.org/wiki/Skiffle,0,
https://en.wikipedia.org/wiki/Skyladiko,0,
https://en.wikipedia.org/wiki/Skullstep,0,
https://en.wikipedia.org/wiki/Slack-key_guitar,0,
https://en.wikipedia.org/wiki/Sl%C3%A4ngpolska,0,
https://en.wikipedia.org/wiki/Slide_(tune_type),0,
https://en.wikipedia.org/wiki/Sludge_metal,0,
https://en.wikipedia.org/wiki/Smooth_jazz,0,
https://en.wikipedia.org/wiki/Smooth_soul,0,
https://en.wikipedia.org/wiki/Soca_music,0,
https://en.wikipedia.org/wiki/Soft_rock,0,
https://en.wikipedia.org/wiki/Son-bat%C3%A1,0,
https://en.wikipedia.org/wiki/Son_montuno,0,
https://en.wikipedia.org/wiki/Sonata_(music),0,
https://en.wikipedia.org/wiki/Songo_music,0,
https://en.wikipedia.org/wiki/Songo-salsa,0,
https://en.wikipedia.org/wiki/Sophisti-pop,0,
https://en.wikipedia.org/wiki/Soul_blues,0,
https://en.wikipedia.org/wiki/Soul_jazz,0,
https://en.wikipedia.org/wiki/Soul_music,0,
https://en.wikipedia.org/wiki/Sound_poetry,0,
https://en.wikipedia.org/wiki/Soundtrack,0,
https://en.wikipedia.org/wiki/Southern_Gospel,0,
https://en.wikipedia.org/wiki/Southern_Harmony,0,
https://en.wikipedia.org/wiki/Southern_metal,0,
https://en.wikipedia.org/wiki/Southern_rock,0,
https://en.wikipedia.org/wiki/Southern_soul,0,
https://en.wikipedia.org/wiki/Sovietwave,0,
https://en.wikipedia.org/wiki/Space_age_pop,0,
https://en.wikipedia.org/wiki/Space_disco,0,
https://en.wikipedia.org/wiki/Space_music,0,
https://en.wikipedia.org/wiki/Space_rock,0,
https://en.wikipedia.org/wiki/Spectralism,0,
https://en.wikipedia.org/wiki/Speedcore,0,
https://en.wikipedia.org/wiki/Spoken_word,0,
https://en.wikipedia.org/wiki/Spouge,0,
https://en.wikipedia.org/wiki/Sprechgesang,0,
https://en.wikipedia.org/wiki/Square_dance,0,
https://en.wikipedia.org/wiki/St._Louis_blues_(music),0,
https://en.wikipedia.org/wiki/Steelband,0,
https://en.wikipedia.org/wiki/Stoner_metal,0,
https://en.wikipedia.org/wiki/Stoner_rock,0,
https://en.wikipedia.org/wiki/Straight_edge,0,
https://en.wikipedia.org/wiki/Strathspey_(dance),0,
https://en.wikipedia.org/wiki/Stride_(music),0,
https://en.wikipedia.org/wiki/String_(Thai_pop),0,
https://en.wikipedia.org/wiki/String_quartet,0,
https://en.wikipedia.org/wiki/Sufi_music,0,
https://en.wikipedia.org/wiki/Sunshine_pop,0,
https://en.wikipedia.org/wiki/Suomirock,0,
https://en.wikipedia.org/wiki/Super_Eurobeat,0,
https://en.wikipedia.org/wiki/Surf_music,0,
https://en.wikipedia.org/wiki/Swamp_blues,0,
https://en.wikipedia.org/wiki/Swamp_pop,0,
https://en.wikipedia.org/wiki/Swing_(jazz_performance_style),0,
https://en.wikipedia.org/wiki/Swing_music,0,
https://en.wikipedia.org/wiki/Sygyt,0,
https://en.wikipedia.org/wiki/Symphonic_black_metal,0,
https://en.wikipedia.org/wiki/Symphonic_metal,0,
https://en.wikipedia.org/wiki/Symphonic_poem,0,
https://en.wikipedia.org/wiki/Symphonic_rock,0,
https://en.wikipedia.org/wiki/Symphony,0,
https://en.wikipedia.org/wiki/Synth-pop,0,
https://en.wikipedia.org/wiki/Synthwave,0,
https://en.wikipedia.org/wiki/Syrian_chant,0,
https://en.wikipedia.org/wiki/Taarab,0,
https://en.wikipedia.org/wiki/Tai_tu,0,
https://en.wikipedia.org/wiki/Taiwanese_opera,0,
https://en.wikipedia.org/wiki/Hokkien_pop,0,
https://en.wikipedia.org/wiki/Tala_(music),0,
https://en.wikipedia.org/wiki/Talempong,0,
https://en.wikipedia.org/wiki/Talking_blues,0,
https://en.wikipedia.org/wiki/Tamborito,0,
https://en.wikipedia.org/wiki/Tambu_(musical_genre),0,
https://en.wikipedia.org/wiki/Tamburitza,0,
https://en.wikipedia.org/wiki/Tamil_Christian_keerthanai,0,
https://en.wikipedia.org/wiki/T%C3%A1nch%C3%A1z,0,
https://en.wikipedia.org/wiki/Tango_music,0,
https://en.wikipedia.org/wiki/Tanguk,0,
https://en.wikipedia.org/wiki/Tappa,0,
https://en.wikipedia.org/wiki/Taqwacore,0,
https://en.wikipedia.org/wiki/Tarana,0,
https://en.wikipedia.org/wiki/Tarantella,0,
https://en.wikipedia.org/wiki/Taranto,0,
https://en.wikipedia.org/wiki/Tech_house,0,
https://en.wikipedia.org/wiki/Tech_trance,0,
https://en.wikipedia.org/wiki/Technical_death_metal,0,
https://en.wikipedia.org/wiki/Technical_metal,0,
https://en.wikipedia.org/wiki/Techno,0,
https://en.wikipedia.org/wiki/Technoid,0,
https://en.wikipedia.org/wiki/Techstep,0,
https://en.wikipedia.org/wiki/Techtonik,0,
https://en.wikipedia.org/wiki/Tecno_brega,0,
https://en.wikipedia.org/wiki/Teen_pop,0,
https://en.wikipedia.org/wiki/Tejano_music,0,
https://en.wikipedia.org/wiki/Third_Stream,0,
https://en.wikipedia.org/wiki/Tembang_sunda,0,
https://en.wikipedia.org/wiki/Texas_blues,0,
https://en.wikipedia.org/wiki/Theatre_music,0,
https://en.wikipedia.org/wiki/Theme_music,0,
https://en.wikipedia.org/wiki/Thillana,0,
https://en.wikipedia.org/wiki/Third_wave_ska,0,
https://en.wikipedia.org/wiki/Thirty-two-bar_form,0,
https://en.wikipedia.org/wiki/Thrash_metal,0,
https://en.wikipedia.org/wiki/Thumri,0,
https://en.wikipedia.org/wiki/Tibetan_pop,0,
https://en.wikipedia.org/wiki/Tientos,0,
https://en.wikipedia.org/wiki/Timbila,0,
https://en.wikipedia.org/wiki/Tinku,0,
https://en.wikipedia.org/wiki/Toeshey,0,
https://en.wikipedia.org/wiki/Togaku,0,
https://en.wikipedia.org/wiki/Tondero,0,
https://en.wikipedia.org/wiki/T%27ong_guitar,0,
https://en.wikipedia.org/wiki/Traditional_bluegrass,0,
https://en.wikipedia.org/wiki/Traditional_Nordic_dance_music,0,
https://en.wikipedia.org/wiki/Traditional_pop,0,
https://en.wikipedia.org/wiki/Trallalero,0,
https://en.wikipedia.org/wiki/Trance_music,0,
https://en.wikipedia.org/wiki/Trap_music_(EDM),0,
https://en.wikipedia.org/wiki/Trap_music_(hip_hop),0,
https://en.wikipedia.org/wiki/Tribal_house,0,
https://en.wikipedia.org/wiki/Trikitixa,0,
https://en.wikipedia.org/wiki/Trip_hop,0,
https://en.wikipedia.org/wiki/Tropicalia,0,
https://en.wikipedia.org/wiki/Tropical_music,0,
https://en.wikipedia.org/wiki/Tropical_house,0,
https://en.wikipedia.org/wiki/Tropipop,0,
https://en.wikipedia.org/wiki/Truck-driving_country,0,
https://en.wikipedia.org/wiki/Tumba_(music_genre),0,
https://en.wikipedia.org/wiki/Turbo-folk,0,
https://en.wikipedia.org/wiki/Turntablism,0,
https://en.wikipedia.org/wiki/Tuvan_throat-singing,0,
https://en.wikipedia.org/wiki/Twee_pop,0,
https://en.wikipedia.org/wiki/Twelve-bar_blues,0,
https://en.wikipedia.org/wiki/Twist_(dance),0,
https://en.wikipedia.org/wiki/Two-tone_(music_genre),0,
https://en.wikipedia.org/wiki/UK_bass,0,
https://en.wikipedia.org/wiki/UK_garage,0,
https://en.wikipedia.org/wiki/UK_hardcore,0,
https://en.wikipedia.org/wiki/Underground_music,0,
https://en.wikipedia.org/wiki/Urban_Cowboy,0,
https://en.wikipedia.org/wiki/Urban_Pasifika,0,
https://en.wikipedia.org/wiki/Vallenato,0,
https://en.wikipedia.org/wiki/Vaporwave,0,
https://en.wikipedia.org/wiki/Vaudeville,0,
https://en.wikipedia.org/wiki/Verbunkos,0,
https://en.wikipedia.org/wiki/Verismo,0,
https://en.wikipedia.org/wiki/Video_game_music,0,
https://en.wikipedia.org/wiki/Viking_metal,0,
https://en.wikipedia.org/wiki/Virelais,0,
https://en.wikipedia.org/wiki/Visual_music,0,
https://en.wikipedia.org/wiki/Vocal_house,0,
https://en.wikipedia.org/wiki/Vocal_jazz,0,
https://en.wikipedia.org/wiki/Vocal_music,0,
https://en.wikipedia.org/wiki/Vocaloid,0,
https://en.wikipedia.org/wiki/Volksmusik,0,
https://en.wikipedia.org/wiki/Waila,0,
https://en.wikipedia.org/wiki/Wall_of_Sound,0,
https://en.wikipedia.org/wiki/Waltz,0,
https://en.wikipedia.org/wiki/Wangga,0,
https://en.wikipedia.org/wiki/Warabe_uta,0,
https://en.wikipedia.org/wiki/Wassoulou,0,
https://en.wikipedia.org/wiki/War_song,0,
https://en.wikipedia.org/wiki/Waulking_song,0,
https://en.wikipedia.org/wiki/Were_music,0,
https://en.wikipedia.org/wiki/West_Coast_blues,0,
https://en.wikipedia.org/wiki/West_Coast_hip_hop,0,
https://en.wikipedia.org/wiki/Western_swing,0,
https://en.wikipedia.org/wiki/Witch_house_(music_genre),0,
https://en.wikipedia.org/wiki/Wizard_rock,0,
https://en.wikipedia.org/wiki/Women%27s_music,0,
https://en.wikipedia.org/wiki/Wong_shadow,0,
https://en.wikipedia.org/wiki/Wonky_(genre),0,
https://en.wikipedia.org/wiki/Worldbeat,0,
https://en.wikipedia.org/wiki/World_music,0,
https://en.wikipedia.org/wiki/Xoomii,0,
https://en.wikipedia.org/wiki/Xote,0,
https://en.wikipedia.org/wiki/Xhosa_music,0,
https://en.wikipedia.org/wiki/Yass_(music),0,
https://en.wikipedia.org/wiki/Yayue,0,
https://en.wikipedia.org/wiki/Y%C3%A9-y%C3%A9,0,
https://en.wikipedia.org/wiki/Yo-pop,0,
https://en.wikipedia.org/wiki/Yodeling,0,
https://en.wikipedia.org/wiki/Youth_crew,0,
https://en.wikipedia.org/wiki/Yukar,0,
https://en.wikipedia.org/wiki/Zajal,0,
https://en.wikipedia.org/wiki/Zamacueca,0,
https://en.wikipedia.org/wiki/Zamba_(artform),0,
https://en.wikipedia.org/wiki/Zamrock,0,
https://en.wikipedia.org/wiki/Zapin,0,
https://en.wikipedia.org/wiki/Zarzuela,0,
https://en.wikipedia.org/wiki/Zeibekiko,0,
https://en.wikipedia.org/wiki/Zef,0,
https://en.wikipedia.org/wiki/Ziglibithy,0,
https://en.wikipedia.org/wiki/Znamenny_chant,0,
https://en.wikipedia.org/wiki/Zouglou,0,
https://en.wikipedia.org/wiki/Zouk_(musical_movement),0,
https://en.wikipedia.org/wiki/Zouk_Love,0,
https://en.wikipedia.org/wiki/Zulu_music,0,
